PC1,PC2,PC3,PC4,PC5,PC6,PC7,PC8,PC9
-3.7951172434667484,0.7286273847667105,0.00011589431187717373,-0.2565921528060088,0.4372445537882424,0.054613676330720805,0.09931839631463228,-0.02094861804390172,-0.020885834664712655
-3.7560385120725956,0.7194969752648682,0.011659291637624924,-0.2038763261042981,0.44029889211859513,0.08391439557425588,0.08962841583696428,-0.023919254376981103,-0.02087426244987749
-3.7214628939140946,0.7253982394815363,0.07045607346453514,-0.14794025980412623,0.4064036939856981,0.05712603968641659,0.06607804944254657,-0.044611629905761285,-0.0235088374850072
-3.7214628939140946,0.7253982394815363,0.07045607346453514,-0.14794025980412623,0.4064036939856981,0.05712603968641659,0.06607804944254657,-0.044611629905761285,-0.0235088374850072
-2.303585961034934,0.6010256924473866,0.2757995581022307,0.5817311049805761,-0.08778375672900465,0.12658718821669557,0.17162371443984284,0.031684859893870966,-0.0007686078339220523
-1.0510637004455443,2.2778710180832102,0.14671076940949684,0.09265126154199875,0.2535071610288081,0.22849792931940802,0.16755252667898315,0.08998470706889597,-0.0010234165290746498
-2.5662707466108725,0.3043993219954674,0.7757256280818005,0.17117820060639302,0.49883660897496745,0.23467040337201708,-0.1048630437190167,0.0594772252860802,-0.03541083388032199
-1.5175765975828086,0.3857677612570447,0.5153533931678739,1.1952517788008146,-0.27416983656696464,0.14826653397197834,-0.008248944829571893,-0.12022230985625781,-0.016613998892096974
0.7057589900214628,3.5811205674462334,0.2659167054522845,0.19596481625572792,-0.06344059109786995,0.5896486437734848,-0.0619194319190409,0.00978841327767502,-0.005392690502081081
-1.8972486567924385,0.1273999457028038,0.961151373889481,0.6735836566662304,0.4001199422750621,0.26701718979330513,-0.30186064481313124,0.09703560850115102,0.030153669553316442
-0.9198915138689105,0.19826217958119077,0.6953370056696049,1.6241677760990252,-0.47036692780937717,0.1327032288814004,-0.1726157636633723,-0.17903906924209048,-0.025776178743299474
1.5578819442321952,3.7700709912007704,0.3397696836171042,0.5318087335919295,-0.1393223139645102,0.5852262473576647,0.19845293660088342,0.2068459852668827,0.02521045398200879
-1.397411965555735,-0.03666040875377903,1.07134776948173,0.9825965554570948,0.28008365372973687,0.2554125880398726,-0.47827111713927395,0.21347318538799764,0.06681909866725382
0.004920439014838674,0.25770026391849965,0.8256284287229017,2.065961808995235,-0.8208438610029588,0.1987374636462511,0.041832006190419525,-0.0619243135028591,0.002750251032009858
3.1539872588789613,4.762113809417205,0.4508966854066958,0.6475646162581425,-0.25670708509574325,0.8815916733472792,-0.41370578719521794,-0.02720785334769372,0.01890538214760926
-0.5313761445097746,-0.3207384254384874,1.741620870847618,1.1502314819825499,0.4860813104193814,0.4119817603797652,-0.5474070721124816,0.2360811348248915,-0.01800294006444385
-1.4755558850773445,0.28087169564510206,0.6987115500453346,0.05367112687487657,0.12119580329148223,-0.2538020390720606,0.2743736613156701,-0.07499241099218726,0.0036493495873089615
-0.6817577343310198,1.4810939527768614,0.440907663295428,-0.5267709920622392,0.31987312904467347,0.0856784782870036,-0.10805308801979299,-0.10885442663806864,0.018403243864568333
-1.7236817418981485,-0.1270429045194499,1.1531617801631944,-0.3554562260001524,0.557466019812681,-0.04513247205089646,-0.005013371547697419,-0.06543331988407704,0.006867809211997783
-0.4581004936996294,-0.17272695125375867,0.6957238386646779,0.4001251461914097,-0.18838134551146446,-0.33314116755655926,0.09012673004803862,-0.10234084575726389,0.03026292611761437
1.0885520188466067,1.9309618394091093,0.5821238649745529,-0.06474156381139456,0.25801406985461606,-0.2721494740133088,0.5119147354238661,0.07109581750915553,0.058761609136465186
-0.6958853766135686,-0.40882718000166585,1.2370953641949824,-0.029304906559172873,0.4909372960084708,-0.326899310048167,-0.2165019168339039,0.010514632838605865,0.06616816077613208
0.6096189924301647,-0.6226016204624873,1.2709666175477143,0.3485861060559429,-0.1553751256459978,-0.3940370212038086,0.056388169104528235,-0.19027373692555302,0.07507733872952638
2.8148278508452704,2.641714071090241,1.0336939037964494,-0.6358253614140069,0.16171542684645712,0.02419192978695012,0.04518592971562549,-0.13766844269109244,0.04575543682130012
0.23171174601301717,-0.818211291140409,1.7378709744246612,-0.19373691874599533,0.6028839145469237,-0.3624361807908105,-0.23023459969474155,0.024125523474233093,0.08389237048638559
1.9339479290564694,-0.64660236343649,1.4089892880641506,0.7625075888196856,-0.5179719706713724,-0.6271718254697823,0.2514687012174768,-0.16576755345553087,0.08879008619338946
4.444311770184304,2.7741704860886793,1.1757735734133934,-0.1968840029531688,0.2770273029793794,-0.46241796757540576,0.24698767144493075,-0.03702897242537426,0.08676857784149175
1.3685750171758757,-1.290593879999273,2.294763169308778,-0.17799827906467222,0.6731525148573798,-0.35772251566321933,-0.30094873883918344,0.028932148194237645,0.09998624477870138
-1.8568233310652515,0.291631179611376,0.06502590042870833,0.3591946807136281,-0.30417979881756113,-0.09240683660338647,0.1752410990641175,-0.013506971620195166,-0.006542103573000974
-0.7504831810035113,1.905693909580261,-0.043247818727696966,-0.10788827517335248,-0.1727272950473512,0.14985389516301692,0.12058124144974981,0.11960308116624209,0.0029180906236633947
-2.079738325955353,-0.05540596278687357,0.5533803954722939,-0.06669497479959148,0.22211581016629764,0.013198449509148707,-0.13596390456635368,0.08273777710987149,-0.002244961300217147
-0.9387475949143359,-0.10013083733925839,0.09679442963372563,0.7411373144651965,-0.5791244036750096,-0.13144239679554445,0.006123752330407592,-0.07030976635817703,-0.015568260386296431
1.037298370883006,2.709806784034507,-0.16309078844842095,-0.24386229587180816,-0.35297837842345736,0.34767877595563623,-0.46123350887295633,-0.05834440580113907,0.00013261805856052677
-1.2776377114707973,-0.3547598671546976,0.5275256817321535,0.21022005551976758,0.12969331502929662,-0.04503156615661171,-0.2746566570918397,0.12378388974509628,-0.005986719446614771
-0.06355445504938302,-0.43754886459186826,0.1684217676628994,1.0701363388503926,-0.830402980474771,-0.2721472150492175,-0.16383228630118785,-0.12342704585567175,0.007667105947446431
2.2453030517251795,2.8610537829845684,-0.0662492838388403,0.03790797896109953,-0.4064305498327052,-0.0002939982838022712,-0.18050646514312585,-0.03896787847502348,0.010010744241881388
-0.5645209558744289,-0.6705907658168211,0.5316346427046379,0.42467251817929885,-0.0860085300474224,-0.13352339039044478,-0.43068073782569616,0.17954089319483693,0.06123106402135033
1.0532054599660632,-0.5480821218150181,0.1844921664430827,1.4199460374173778,-1.3252549038562964,-0.2585920381729332,0.06157579087191506,-0.056417273573635296,-0.0011190460009801474
4.178528564700719,3.995862085703304,-0.16603989570048644,-0.06018264543303216,-0.7489607103323613,0.31588417613772013,-0.3897194060792502,-0.032226514870503375,0.01171532273498417
0.5573798598259144,-1.1231333414954943,1.0929590705696284,0.49285172785563913,0.018871090781626253,-0.07646464336011323,-0.5131559148256535,0.21680136808168365,0.010410413453656554
-3.7617089104942063,0.7116380712074304,0.0032422906521445997,-0.25718881656032916,0.4206483407947422,0.03969801457674399,0.09529508296070045,-0.027360896460803766,0.013094568944206027
-3.6625145849911513,0.6867219446059291,0.052789579970947305,-0.17219335313332523,0.3860060001457683,0.03484281013751631,0.06272998338578535,-0.038612602683864905,0.04598866448027872
-3.599700809642931,0.6527210191698153,0.031437382431721735,-0.15490860295266135,0.3913835997367667,0.05941884842419646,0.054378249849886935,-0.015993486405942448,0.0824581341157038
-3.5382879574604207,0.6208623606406936,0.020458206524077878,-0.17070661015559724,0.3770953933199002,0.0313098315278759,0.02741000660722957,0.04350585137029972,0.11979366045582895
-2.593403842910213,0.7106961563750361,0.24632127700695536,0.42614634106231175,-0.020308921643174216,0.12115440657164146,0.2504921256337468,-0.004798995274227867,-0.0008915132294362675
-1.6098142656244248,1.9835741837782273,0.1061915589193238,-0.048184894104284046,0.290362225593849,0.28643529847756233,-0.17501583846996216,-0.05559146511448306,0.0049370901093108615
-3.0963874231793302,0.5496278587448499,0.14482594192271964,0.1686469962926578,0.3723094951968976,0.012126563183735981,-0.0981028636292278,0.06232775544325689,0.01083609177956532
-2.40683108268701,0.6581869529561197,0.3142415027335424,0.5756818759057484,-0.07892650621443442,0.12003148867345553,0.19175696645290133,-0.014389589135059694,-0.0033803088476622428
-1.2625241295809804,2.2422717115059,0.18219071889910698,0.08890831278666848,0.03218166002714369,0.3500976690438389,0.1489357675472694,0.08867548584804055,0.0043840923524779704
-2.5474428247230803,0.2892346782547698,0.7676076910552897,0.16027547412123902,0.4900008818873031,0.22918458930485705,-0.09810567334263848,0.043643464175263734,-0.0015243413501730184
-2.014857640352811,0.5380039023775893,0.44196401716020584,0.8638502191074675,-0.20499740244461925,0.11229983880992359,0.0810440184675887,-0.04940453796753984,0.025528592446034733
-0.719750449468704,2.198155213224989,0.3100139895863387,0.36987509495110815,0.13084103598399158,0.1915873770834756,0.043247217087693475,0.08422840809454367,0.028722817560858323
-2.173544643451522,0.1928248586081244,0.9280496723509986,0.4326040268125665,0.3618822775132844,0.169650834239764,-0.25613659655296384,0.11322026408797035,0.03167092654973609
-1.4561637454002987,0.3539091027279231,0.5043742172602301,1.1794537715978788,-0.2884580429838311,0.12015751707565785,-0.03521718807222929,-0.060722972080015564,0.020721527448028073
0.7245869119092551,3.565955923705536,0.25779876842577387,0.18506208977057392,-0.07227631818553432,0.5841628297063248,-0.05516206154266268,-0.006045347833141449,0.02849380202806778
-1.7333692848823048,0.08538001658509155,1.0408752406882165,0.7924840744849581,0.3245627913605383,0.22452081812669872,-0.3623495068912178,0.08665868669510987,0.026806413734802078
-3.784402298807276,0.7221273455086347,0.015045931724292864,-0.2878239335850381,0.40370877445147857,-0.0016754391916763928,0.09354138006345931,-0.02814722440601293,0.012236108743917902
-3.7033626839546763,0.7056026383480969,0.07403613390081415,-0.22733656377780137,0.3555147807278937,-0.039629406645640484,0.059573318170751295,-0.0400279929852414,0.04444343611975987
-2.361444306060871,0.6372084043537111,0.2906342205892458,0.6369521099551664,-0.045047373527907095,0.2027783962102964,0.1952643722473836,-0.012816933244641365,-0.0016633884470856604
-1.6151273240687576,0.37156301356671545,0.4085686063153686,1.1331875703776226,-0.21622258259836244,0.27651769819979927,0.014271707195006858,-0.02398658771112463,-0.006496946883971645
-1.0348296019963321,0.2236276134736971,0.5958613433059442,1.6059605901013698,-0.3324824674240949,0.30602869918212805,-0.11194708122591993,-0.15209194690790145,0.015728743202752752
-0.13166071060925488,0.2645135843937973,0.7255603673309008,2.048215879061479,-0.7289959509209235,0.39769402180051294,0.09475068639891743,-0.026024145607054846,0.04585901495712071
-1.8653235723236374,0.4406089037968275,0.1306087535496493,0.40551875166917384,-0.06783631210634233,-0.16383334789662304,0.17748250223010603,0.024982018432539124,0.026016400030486702
-0.821420660161504,2.059963102901917,-0.108036266778849,-0.17876924905476946,0.1702965112553029,0.11776283272639299,0.20973515886111405,0.11604608091275392,0.0008003897436975962
-2.107389682120001,0.1359674573691999,0.4897767454778225,-0.13849846080880734,0.6572127170754455,-0.07015478863454336,-0.031309982697080546,0.061274685733153096,-0.0075703461383000515
-1.0919883269263586,0.07605348828549803,0.0669942883044118,0.6597730868550694,-0.27873237649023436,-0.1670812737510346,0.07393530590684036,-0.035655071191922315,-0.015244786490967565
0.4745557276015257,2.173537538461147,-0.03766328319469801,0.15937597910977422,0.1452709932033805,-0.17008623680536508,0.4602439947663911,0.21232836301634667,0.01584447013757115
-1.3297732098402981,-0.16004674046240921,0.6083658138347162,0.23034303410448678,0.40058626502970096,-0.1608394162426424,-0.23269334097510225,0.07720040740394751,0.02066044816755004
0.026628968320246405,0.11937527640881888,0.1527558607457803,0.9329469155223206,-0.571203026503381,-0.3923844227899624,0.32266970886827673,0.012652922831452265,0.03653904211779484
1.96754921178148,2.9373990492482647,-0.22838847378371047,-0.12382729611262056,-0.2065452571177004,0.15701700115311093,-0.10158560752024182,0.08873669771787268,0.023567003085986953
-0.436800197267192,-0.17948423565635066,0.6048945814088772,0.42356528806458876,-0.026187171483430634,-0.19125468934087303,-0.0009493681785242517,0.272603738984523,0.054231743970234995
0.8652425323253123,-0.27236342819213893,0.07447651554726141,1.2129410870151431,-0.7706120038732116,-0.37688209770511405,0.1871506018232166,0.028135260039258907,-0.0004146503933950607
3.4015495870516816,3.372669490255288,-0.1381329148742153,0.17124048707473008,-0.44807332250833154,-0.10742023368260492,0.5298562906858709,0.33809019669961166,0.03968842114096535
0.3848428250812406,-0.40220325117014005,0.6044243468980542,0.6378263161428315,-0.014379148397218119,-0.4091248761040768,-0.11989951981162907,0.2852180590444841,0.043961539486085256
-0.38089483150702064,0.0758954752590772,-0.21614467685816963,0.502971522710026,0.3969671454405825,-0.5353265414028411,0.16685026754182397,0.024133345475184153,0.008435584043705199
0.7197768644878935,1.7057156363156942,-0.3329381817109833,-0.010003132779880467,0.5426247749713459,-0.349641699825252,0.16375098158694096,0.04212594806440147,0.01028864925452241
-0.5623266910453265,-0.2136046397775294,0.2611891265000505,0.0718054989759445,1.0553162742224165,-0.4907000533506079,-0.08229782745039067,0.003974641940826251,-0.031110118957335894
1.5553629999774006,-0.3468596825460398,-0.18786479407158735,1.130093021643333,0.6165881123742816,-0.9845465102959635,-0.008237892019169418,-0.18413235576083709,-0.029489770654013175
3.042444882359435,1.750647679979285,-0.4025702399742334,0.5277474516392919,1.1161271095555143,-0.9330135880732874,0.4116690365290312,0.13613621039322038,-0.026328049723369037
1.1263461302776778,-0.6800212194075168,0.2366413753341081,0.5615977891818477,1.112811453081369,-0.8436935193401744,-0.31669072492211797,0.030775937951166985,-0.049933607525058925
3.1944234284905177,-0.4480309565627954,-0.27751053485629823,1.4519000032859433,0.5297546470505865,-1.254494381160881,0.2392741188834394,-0.0850497810641842,-0.013451207021944288
5.169419067471461,2.390948052529382,-0.5249997128379564,0.43580401986033035,0.7849976562621221,-0.842377750031655,-0.22208684298821116,-0.08282379401397094,-0.0002126307564341174
2.736350539592135,-1.0015193445948347,0.1546765842082889,0.897433418486608,1.4617798513811195,-1.3224965834375257,-0.45192237002420693,0.02078005559596822,-0.004818732313026443
5.1314598618993905,-0.9177861042880547,-0.3783756394074069,1.9503723062724148,0.8017873079673733,-1.6827712957404772,0.0775733261448169,-0.17736477368899128,-0.008082078547283492
7.60524934503724,2.61385901453321,-0.6250955377398908,0.9743630664391257,0.9253494871492428,-1.2036300081751574,0.3833603276131606,0.1805505910881514,-0.02771165477387583
4.508769451652248,-1.161341730604832,0.014955040253851762,1.3368855875102725,1.4372521721012768,-1.4495738420579223,-0.23112116115166925,0.19834104096051627,0.01810270593017133
-1.13602635148383,0.06180193269191448,0.5348373390971014,-0.00209011741871086,0.03093967923547874,-0.28398303150250065,0.2747044217481182,-0.08718966303685725,-0.03179691290145723
-0.03180014833234263,1.6959461471257347,0.4218993208236589,-0.4756417751369631,0.20504548555047333,-0.05021599882763118,0.26827755035811873,-0.05419951580991013,0.006496898036321487
-1.4448123996619922,-0.3056454217523285,1.0248682749651399,-0.42216198008634953,0.47061466694204573,-0.1044923668537368,-0.018274972721226378,-0.04837192207061915,-0.02774112048053232
-0.07707559100455376,-0.361842055137518,0.6656745667980112,0.46600297138866736,-0.3338287595264541,-0.4056654938679857,0.04502059208310114,-0.15677825194438513,0.024439992323267094
1.7947008674236153,2.478689637352063,0.30288081626743935,-0.6580489200630635,-0.006433370585763097,0.07812641130024713,-0.34225914610448605,-0.17343399294625836,0.04018849161105543
-0.3943226460643431,-0.5979189715357488,1.0969982179247795,-0.06537554362066104,0.4210255094810992,-0.3448857510825872,-0.22800981511019167,0.028362358597273072,0.032417691283890195
1.0516150457513027,-0.8518326540042654,1.1977954493058605,0.4275232867840191,-0.30690019419965864,-0.4386053684045346,0.023198310701547153,-0.272347248552506,-0.0010517059178790655
3.4303175302575566,2.478060315544878,0.9488198507430152,-0.533454624698501,0.2518601968230927,-0.12978160574218653,0.01877417173562229,-0.1883877552938532,-0.034085323711133604
0.6584343846029359,-1.0279536275642867,1.676673229788689,-0.06447401376111085,0.48864274986515827,-0.353436522827096,-0.2735094139092174,-0.027116682404173868,0.010317579035792671
2.635674443457267,-1.0396225865327395,1.2231837422757614,0.7835268962085098,-0.7448397816547011,-0.7243913301444889,0.19993595330860914,-0.2165684505765053,0.013634397380127233
5.611677105036923,3.435053320390662,0.7474519734717469,-0.8140766529614735,-0.24333858639901557,-0.006832392301386331,-0.19377065626897744,-0.2002340443514317,0.06767670760569411
2.051473609688881,-1.6684494593548247,2.1170755605469,-0.14607624519069368,0.4551204309617152,-0.4494562062707659,-0.3592388571244295,-0.006034987815920542,-0.009055936564709864
-1.9166402409563517,-0.5347146358650612,-0.8872154712888255,-0.9984732298676655,-0.28953946917875556,-0.6126269515003837,0.05532835379163425,0.005684786172748718,0.040823891956919725
-0.9507276480960545,-1.172038843872305,-1.3157166934304094,-1.3389602465513264,-0.6539481127733445,-0.9357003680067268,0.023936041448156524,0.021415639252343594,0.10646588594294938
-0.003642977123549211,-1.7941984081388516,-1.736099978545483,-1.6685445367498328,-1.0095210292802692,-1.25328797044591,-0.014213641271699336,0.052980253442754824,0.13822138739882975
1.0619602302322513,-2.493007930032031,-2.20689863189775,-2.04240532213032,-1.4112351001736596,-1.6178878785062933,-0.062411620193119195,0.09978801091355106,0.1700343366716379
-3.8487763859456505,0.7395824640871358,-0.02267183638064876,-0.31961404223855305,0.44195070136372544,0.03474280477400247,0.11978906052261024,-0.02739946440473699,-0.020991317958317313
-3.8487763859456505,0.7395824640871358,-0.02267183638064876,-0.31961404223855305,0.44195070136372544,0.03474280477400247,0.11978906052261024,-0.02739946440473699,-0.020991317958317313
-3.8487763859456505,0.7395824640871358,-0.02267183638064876,-0.31961404223855305,0.44195070136372544,0.03474280477400247,0.11978906052261024,-0.02739946440473699,-0.020991317958317313
-3.8487763859456505,0.7395824640871358,-0.02267183638064876,-0.31961404223855305,0.44195070136372544,0.03474280477400247,0.11978906052261024,-0.02739946440473699,-0.020991317958317313
-2.1156823515210204,-0.09783503136975212,-0.20350128643007884,-0.03567765861682112,-0.10000829498115904,-0.26116545190989787,-0.09823328146666041,-0.14774201996445452,-0.005081207560611465
-1.1448690245061384,1.420672449183613,-0.32384918545293434,-0.5458847777233305,-0.23056996726987722,0.0783059167888961,-0.14783258079527015,-0.07603114400554675,0.006394909524556971
-2.229854485545832,-0.02585971931416766,-0.24891903963319048,-0.1363514059559677,0.04253339554780682,-0.27064328503026663,-0.11436559143878403,0.04860424854994655,0.040838352421994205
-1.0055638081629723,-0.26436770132974086,-0.31674565752131995,0.10452200272181093,-0.5966719945947564,-0.32160867965294854,0.14889341544306672,0.0036008272350406267,0.026014410266240403
0.13874314494305692,1.3197170572200392,-0.4487964413557554,-0.38225156039726904,-0.48556382835317813,-0.09154249928256519,0.10607221653743482,0.10666590221814103,0.03377881146638057
-1.2519248521912945,-0.6095241566179737,0.15881094875187937,-0.3252602528205721,-0.07643251672266299,-0.20008892804011283,-0.12350468623601138,0.010301260385528015,-0.008719766797625088
-0.1402688811207451,-0.6997591696059928,-0.4152861458859649,0.24232688219115406,-0.8964240731393058,-0.4601016327325615,0.03854788750013299,-0.05919953611027092,0.016980243691285993
1.2538318741323895,1.3031062148548271,-0.5206368726739834,-0.2504074084529622,-0.7431875259359706,-0.2866968658365266,0.4120821766049927,0.16716907258062985,0.05424351838419979
-0.4628352561295898,-1.0029182842577458,-0.008924357493907504,-0.3078197279224747,-0.25398724226687835,-0.36025426563611457,-0.23814386544233285,0.11380218775128044,0.02646983361350177
0.788190417619016,-1.1422524425069382,-0.5331558133209288,0.39940289613615254,-1.1420357621250092,-0.5883380339644482,-0.05553656494022678,-0.14600037818280476,0.04108718786771005
2.9735592021789996,2.0830783351013555,-0.7588154363584879,-0.5801934591768348,-0.9109621791272826,-0.1347613727669218,-0.12104571073843176,0.014055322754464973,0.05400428925425028
0.409581978503242,-1.391660354807701,-0.07029749338179574,-0.14689289725576846,-0.4813023018677837,-0.5280982206735422,-0.3913849518164412,0.16163807222727017,0.056558937392662524
-1.3345865036738114,0.015376843799778779,-0.02724238074730016,0.41143112775361435,-0.4788288008757529,-0.17057001476759293,0.12184036779485727,-0.05191490658172263,-0.011449129350132588
-0.03947931278970421,1.6755281546471785,-0.15919240832116727,-0.08254399640274501,-0.14299036244714206,-0.09128247649404088,0.08404356641496216,0.0817180394803611,-0.008254904235308943
-1.5773797472681024,-0.28745426713936023,0.48162609142328466,-0.03465217436305977,0.08539951915575353,-0.12648345620985235,-0.1901257068802789,0.05042422975233626,-0.04350078178684441
0.16941948239814272,-0.7842579827648013,0.438280139596349,0.4182032503901493,-0.8099635509880718,-0.20955054168831197,0.0003489025782275959,-0.13919846162848667,-0.10406393071276228
2.294154016700068,2.425931463452472,0.0944547051287428,-0.6742442936667379,-0.5121900675903917,0.2930781907190607,-0.02480463315494937,0.07730861014375512,-0.0851878724939677
-0.1864955684045617,-1.0441551693667688,0.8893348184633335,-0.09745742597706279,-0.13229052438758282,-0.10793727462898561,-0.33374578140074557,0.16922631672679747,-0.08773372098752155
1.5810748152061163,-1.084273867147543,0.33868513941513023,0.6242389536185834,-1.4398341663436265,-0.36621118404802955,0.18201972954066192,0.0027993903528316356,-0.11184040641417044
4.066980455228398,2.284230111802512,0.09616668968118175,-0.3451328525116262,-0.7457437203870332,-0.1556809645137446,0.16879606568658512,0.133610301395402,-0.0767677382778022
1.1423548992667525,-1.7041163859255308,1.2077158512121267,-0.33133384392219983,-0.127561119675303,-0.20298707796008944,-0.37579202911581294,0.23176183751229318,-0.13758902548273125
3.0659419201215745,-1.8690953660337157,0.8198667874102991,0.6397989570020637,-1.7594603060149778,-0.39848297363988877,0.055446975991674356,-0.07027294800141169,-0.1688729222501267
6.485030984482455,2.9926368038397695,0.3194897955262911,-0.919881194215637,-1.114964948957189,0.24072121630975735,0.03305724372723714,0.1911090821985433,-0.1849754980528697
2.449872205182407,-2.4478620591033167,1.6333525457564877,-0.37999467800757625,-0.37432662375171666,-0.12947786836766814,-0.4985177805785563,0.29839508785383123,-0.1480848709876529
-2.432207537532761,0.11109677334452157,-0.058971907179002796,0.05283354843968405,0.004514512064804994,-0.19083392897273724,-0.09848642104588784,-0.13313589555627953,-0.03824526292837927
-1.6025801941149431,1.6611349087143943,-0.270847314072742,-0.5456388714608441,-0.03355044296612548,0.23250726516108355,-0.0858431553991699,-0.050261769846121684,-0.022563429824408253
-2.58896460185229,0.1997661001885301,-0.10152842150098136,-0.042944918181680496,0.152508681922973,-0.17768855926394544,-0.08089311739897587,-0.012122725928937319,0.004225263244250288
-1.6839750157132924,0.11886587958988504,-0.15782613405509668,0.11836750383411328,-0.35821038397477,-0.1854615677332214,0.19882770216113435,0.05843314113781619,-0.036908996833853326
-0.582252992901981,1.719644652928089,-0.287015679008399,-0.3635107785671848,-0.24164973840398987,0.0672278154663224,0.18973211687453803,0.08616511723385785,-0.0325936294436893
-1.8462298192460351,-0.2686385085286735,0.2949476552383105,-0.2965776418864967,0.16468045382372037,-0.0506773792482858,-0.09878493986335996,0.12541924000975507,-0.033449187357305524
-1.040443746706436,-0.1827143705510003,-0.16750930955123666,0.29439964941060903,-0.6029640576182838,-0.28349791473487385,0.11866372243282308,-0.06568481451681082,-0.04861231223947529
0.23552456302117467,1.4922502679748066,-0.2838002094735843,-0.19078759399880516,-0.25561700874870535,-0.19750163913246183,0.07578563272057033,0.08215934823779342,-0.009835801597978429
-1.2144041645363666,-0.5084047172025645,0.33054976924543794,-0.0865208186274839,0.0011995262115154623,-0.17257891414059293,-0.22860184839922398,0.1277712932872458,-0.03991572493896112
-0.3316341590917927,-0.511477909781514,-0.19185736500065803,0.49617163129403175,-0.8362306442477356,-0.36278401079726635,0.006527831982717424,-0.11368334333917002,-0.05600813363483286
1.5638600733665426,2.34513169779978,-0.4251042795236415,-0.46424209109309184,-0.5842878021383495,0.15115491617909477,-0.43894247431034683,-0.1470061038658538,-0.04206049600342774
-0.605245957040467,-0.7932902286865817,0.22420900714448833,-0.00900579134447015,-0.11592583852936776,-0.2576229292190736,-0.3062244881613243,0.15652973959637126,-0.0421190986848868
-2.432207537532761,0.11109677334452157,-0.058971907179002796,0.05283354843968405,0.004514512064804994,-0.19083392897273724,-0.09848642104588784,-0.13313589555627953,-0.03824526292837927
-1.6025801941149431,1.6611349087143943,-0.270847314072742,-0.5456388714608441,-0.03355044296612548,0.23250726516108355,-0.0858431553991699,-0.050261769846121684,-0.022563429824408253
-2.58896460185229,0.1997661001885301,-0.10152842150098136,-0.042944918181680496,0.152508681922973,-0.17768855926394544,-0.08089311739897587,-0.012122725928937319,0.004225263244250288
-1.6839750157132924,0.11886587958988504,-0.15782613405509668,0.11836750383411328,-0.35821038397477,-0.1854615677332214,0.19882770216113435,0.05843314113781619,-0.036908996833853326
-0.582252992901981,1.719644652928089,-0.287015679008399,-0.3635107785671848,-0.24164973840398987,0.0672278154663224,0.18973211687453803,0.08616511723385785,-0.0325936294436893
-1.8462298192460351,-0.2686385085286735,0.2949476552383105,-0.2965776418864967,0.16468045382372037,-0.0506773792482858,-0.09878493986335996,0.12541924000975507,-0.033449187357305524
-1.040443746706436,-0.1827143705510003,-0.16750930955123666,0.29439964941060903,-0.6029640576182838,-0.28349791473487385,0.11866372243282308,-0.06568481451681082,-0.04861231223947529
0.23552456302117467,1.4922502679748066,-0.2838002094735843,-0.19078759399880516,-0.25561700874870535,-0.19750163913246183,0.07578563272057033,0.08215934823779342,-0.009835801597978429
-1.2144041645363666,-0.5084047172025645,0.33054976924543794,-0.0865208186274839,0.0011995262115154623,-0.17257891414059293,-0.22860184839922398,0.1277712932872458,-0.03991572493896112
-0.3316341590917927,-0.511477909781514,-0.19185736500065803,0.49617163129403175,-0.8362306442477356,-0.36278401079726635,0.006527831982717424,-0.11368334333917002,-0.05600813363483286
1.5638600733665426,2.34513169779978,-0.4251042795236415,-0.46424209109309184,-0.5842878021383495,0.15115491617909477,-0.43894247431034683,-0.1470061038658538,-0.04206049600342774
-0.605245957040467,-0.7932902286865817,0.22420900714448833,-0.00900579134447015,-0.11592583852936776,-0.2576229292190736,-0.3062244881613243,0.15652973959637126,-0.0421190986848868
-2.993483197810946,0.18438565090726114,-0.382304990409609,-0.5972665036581863,0.10428243545365558,-0.26062633436849364,0.08834709974422192,-0.036736749943267144,-0.026239033252545823
-2.6273254859726416,-0.04614794369377819,-0.5240952421926143,-0.7126838469247958,-0.03742310447708424,-0.3982937675993955,0.054517390712475786,0.003504808403431559,-0.026490893444931208
-2.0712543093250777,-0.41118958389941984,-0.7614942633544437,-0.917885923242526,-0.2693463871202063,-0.615637299997222,0.033965962317189256,-0.001257711165200917,-0.030248583853495527
-2.589959046709249,0.04426315151187859,-0.29623549413490413,-0.3343292555472505,-0.016569177868853164,-0.25698161656523205,-0.008862697316279216,-0.07451537571223146,-0.0315489340790137
-2.27844143311093,0.43153643495608723,-0.2880558036211397,-0.353973144537014,0.008598113322734397,-0.342974970197601,0.3788484654075345,0.10991004019010711,-0.03418331230293712
-2.6289761765699353,0.10328251064939634,-0.2600623893563854,-0.3457350214037597,0.03287214361976208,-0.31179160679116663,-0.014705056693301704,-0.054209771415718824,-0.03231544326183616
-2.211710049246294,-0.19617599566922642,-0.45928523991863274,-0.4365236240684829,-0.13805307468498665,-0.3566450796604132,-0.03725388302372966,-0.027999617925868206,-0.030518130427943015
-1.8774990473349058,0.1806080134737779,-0.4629091904770167,-0.4255323960335373,-0.09594621715013542,-0.4012649795243615,0.35221098259732514,0.15721212592167935,-0.03229404845157821
-2.2471726719504073,-0.13283258315450577,-0.4192566485607428,-0.4085063921533379,-0.06016357641214039,-0.3633728787890675,-0.04642382783586867,0.007303531008374262,0.005156106116195939
-1.309498645976176,-0.63250404764617,-0.5692067528608193,-0.34950572491984744,-0.4290525067981845,-0.5743371257580006,-0.12976445292621414,-0.13058433258134122,-0.04371039217876869
-0.33868531896129406,0.8860034329071952,-0.6895546518836748,-0.859712844026357,-0.5596141790869029,-0.23486575705920668,-0.179363752254824,-0.05887345662243331,-0.03223427509360025
-1.4236707800009871,-0.5605287355905855,-0.614624506063931,-0.4501794722589941,-0.2865108162692188,-0.5838149588783694,-0.14589676289833778,0.06576193593305983,0.0022091678038369937
-3.0237647585130136,0.1897488040700203,-0.3964952398378998,-0.6443448350267333,0.10407076245903543,-0.28391468314126056,0.09501525943943465,-0.02607553813244005,-0.02573401004632545
-2.710794079657846,-0.0235070540214562,-0.5448801056683469,-0.7722790398548928,-0.028900221371159805,-0.40232839717570146,0.09859598445377862,-0.05567920717834467,-0.02901070040551933
-2.160786328036088,-0.39006282736619985,-0.7940957079731811,-0.9887662350470129,-0.25415351397428637,-0.6147667224525434,0.0820801170649949,-0.0547965896634801,-0.03217249513085819
-2.4868324630219463,-0.16047950845721412,-0.6182351333482098,-0.8407590305975186,-0.11634390974311908,-0.49454947821022716,0.06938254271179041,-0.016626841008551954,0.006090585071783427
-2.036204366626987,-0.4651986518537313,-0.8326944950673698,-1.0217576113546036,-0.3069646584007475,-0.6666842351947283,0.0679962598569283,-0.04519858346659257,-0.03271094299715615
-1.1732259361500617,-1.0450102832899515,-1.230294963202651,-1.3661790113748833,-0.6651889348340693,-0.9975362745060116,0.05506111748248853,-0.07391963499763268,-0.03914942808168873
2.1419671163088183,-1.7290612489847317,4.390857038994672,-0.5218806918564113,-0.042443715931884896,0.41871669449501014,0.14057603143065409,-0.19164469058018455,0.02470408910513572
3.1571168931334417,-0.20249092931536236,4.2592978979280085,-1.001913950002111,-0.11002927157409237,0.7739304291086906,0.10048043722823982,-0.1281005322376825,0.03543482441153395
2.0288453091004044,-1.6861273246475605,4.333043245691072,-0.5914580661069496,0.07100099063709779,0.47624340299659607,0.11844742212681722,0.014440951441040963,0.07308595126708828
1.3844972262338173,-1.7938944768239957,3.4425150590786324,-0.8439965324869033,-0.5854177213126436,0.465922029976423,0.1893909709222785,-0.09149344118465409,0.05737922350358238
1.4742337459471562,-1.7688088953385093,3.4371529142085424,-0.8082764818226212,-0.4730218066044236,0.4388959192757746,0.16616169428201474,-0.01744634436479987,0.024592541025580842
1.3501241647228606,-1.7771997381671274,3.345857472473823,-0.9425136507803853,-0.4577894124100132,0.4789143618995948,0.1919323108884894,0.06138296077909844,0.0668791651632787
1.7969431435803291,-2.156016091290061,3.817038392720819,-1.2418500375609305,-0.5429719375416482,0.618617330267723,0.2358601870464659,0.034351476258370865,-0.012700783044577727
1.9484445740570335,-2.0261512973696,3.821185185919201,-1.2450788300082272,-0.22071608541891966,0.4391997152929839,0.2901102026491472,-0.028319842672934758,-0.023927676897987533
1.8868844615795697,-2.2937997860164105,4.335112510542682,-1.5991988809195867,-0.37912533761083217,0.7862911865690693,0.33531291729493107,0.05806252349405482,-0.05408319588953067
-0.8925214148433769,-0.8969615270808947,-0.947645066906469,0.21207691694374978,-0.03571869714967763,0.41056201621062943,-0.058577381350835074,-0.04788070139015199,-0.017261468961114405
0.18545689283846786,0.7433479082769271,-1.0526349306871343,-0.3315328555708658,0.09299936603782229,0.5548734040197981,-0.06343037020295925,-0.03067442674614385,-0.016266863950585457
-1.0123620029350147,-0.8092287839375778,-1.001582605805989,0.06551147000167727,0.12102811913984184,0.3445082929014466,-0.023149119663473952,0.03334811692702898,0.021050962035643963
0.2225625263181883,-1.5031811576234169,-1.3050875429752962,0.31487510782960465,-0.21335771227747025,0.4376646442450503,-0.10350104963003023,-0.08988669536982963,0.014599927669120197
1.3530376844670102,0.19038149515050803,-1.5413629671904334,-0.27125791714993674,0.2089213122971627,0.6167364734539296,-0.04024838408320445,-0.034634815136075026,-0.017031450533903
0.08849885031172874,-1.4250011050806122,-1.359447698369423,0.24973175823294905,-0.04842397607603866,0.49218346772226246,-0.0841540430858772,0.03191280220272183,0.05792891404203791
2.0176630227837404,-2.07032629117527,-1.750657903973447,0.6613881999397585,-0.6770230269009003,0.7137626561345634,0.1514451404829926,0.07236532251747231,0.018891332827015703
3.769907574752218,0.5541856724389654,-2.0955537104995567,-0.5133366218645045,0.00020241156169625767,0.947498013887356,-0.5910287597813361,-0.1355328014446347,0.02457174593660026
1.8546555584258462,-2.4664392664850157,-1.3224856445225743,0.27318557121469433,-0.1432487538709115,0.9058347638882198,-0.10560689669286721,0.050593433755040995,-0.015821716832797577
-0.4665125029685183,-1.1670421376674835,-0.5487158491063643,-0.2964371357125285,0.12783561395838777,0.34826417847737173,0.060871089369238705,-0.06720757113790667,-0.03200827277605183
0.6784956428361374,0.4708408625051383,-0.6767205960029861,-0.7792379302416254,0.336469360135662,0.5496913859698471,0.06727550854055125,-0.05738168616509526,-0.0309005893440049
-0.5208030475604236,-1.0885340814120652,-0.5005693207219637,-0.25751717731222945,0.21456083931889836,0.3470221934158776,0.04494377418072142,-0.01607066109284772,-0.030220528762061674
0.9763820642119151,-1.9685187806680897,-1.0542036259381717,-0.1596514670917985,-0.07432744456928181,0.44683601034307335,0.002865640275880463,-0.07558196677597831,0.003401860289190709
2.2051606096718377,-0.2521427930126484,-1.1590927334582688,-0.7104628006436933,0.2791208908052507,0.44036875605541087,0.0030370489494930017,-0.027807821052986865,-0.00017371078559685568
0.8813095769668412,-1.8937495101514732,-0.990990368930592,-0.11148237188065468,-0.02213015907105062,0.47793385046397335,-0.025892965473948922,-0.0012807944767836324,0.042375731808912555
2.7250062228581724,-2.4680366917596817,-1.3394805268293262,0.25212574117756453,-0.6216107025090233,0.6204669836439196,0.2425931398160709,-0.03247585780860503,0.03215063993095253
4.194750993616193,-0.6146689309000227,-1.5623339332583335,-0.42593990319278907,0.2479980776395282,0.3614945163724411,0.29316895360618495,0.13288540090732512,0.02539367351778628
2.624126096658873,-2.8042087930038173,-0.8887850270302694,-0.20362617050639806,0.01094160941497714,0.6302757174709726,-0.02844191008644356,-0.007346440259240847,-0.005641822256636894
-0.5986896171447056,-1.095404057493964,-1.0803708050853966,0.09293059286253548,-0.15718107053890534,0.2988570395050484,-0.06007794466884873,-0.06327315374353616,0.015044126206365057
0.479288690537139,0.5449053778638576,-1.185360668866062,-0.45067917965208,-0.028463007351405396,0.443168427314217,-0.06493093352097287,-0.046066879099528,0.016038731216894007
-0.7373581271241356,-0.9925066706099497,-1.1261904069584059,-0.04273212759438278,0.008401472838278507,0.23828913026302556,-0.031407053357865825,0.033789425684461236,0.01947006467297452
0.8651601121112317,-1.8941255377283124,-1.5598558405086629,0.1695581924834376,-0.39529249332384175,0.27492137224274815,-0.19579939717113867,0.09327975361290787,0.021748913960834546
1.8839065549322718,-0.1613609505158285,-1.7749194418437477,-0.47895723159511167,-0.004823369864996492,0.41100688550594766,-0.06184553980434577,-0.019540980928689892,0.01538904026743136
0.645926575515337,-1.7825574556086599,-1.6084935181405235,0.11420540432234595,-0.21945379846400614,0.37468660137828125,-0.10900116338891433,0.0644130534113418,0.058179832713799916
2.300546280843289,-2.337700874893568,-2.0411554284457045,0.3199513578540828,-0.8178619180749328,0.5372650029810878,0.2155513871853541,0.03755041280944706,0.01646509290645099
3.812084086694117,-0.4920284298740811,-2.1671814657361685,-0.17863632694127152,-0.021657976613852742,0.36024166271929836,0.2552546080950035,0.0816529032553799,0.0036208982306891817
2.2027911939938813,-2.705388562181613,-1.4739015317678883,0.059395244387235716,-0.3358956872454679,0.6698563880917575,-0.1274205323833054,0.06470522990243965,-0.019062086779116246
0.3722191397323881,-1.0988766773767533,-0.5829573687746298,-0.17767185417686351,0.7534557892644396,-0.09014831428322129,0.07073987729162609,-0.09844363595381295,-0.01929540468813362
1.4501974474142325,0.5414327579810686,-0.6879472325552952,-0.7212816266914789,0.8821738524519396,0.05416307352594742,0.06588688843950184,-0.08123736130980483,-0.018300799677604673
0.34386659086911303,-0.961301498843521,-0.6506070557069149,-0.25344810877606233,1.0910271162378915,-0.14486257954900555,0.12616818108395464,-0.02666753732024241,-0.01796407175812325
2.2268314151636535,-1.9678599168771813,-0.6276810623334599,-0.3346056143017402,1.1084536152655189,0.06035127813563439,0.15756133005979248,-0.10708424392977198,-0.03376979888599584
3.455609960623576,-0.2514839292217399,-0.732570169853557,-0.885416947853635,1.4619019506400515,0.05388402384797179,0.1577327387334049,-0.059310098206780425,-0.03734536996078341
2.1530920896742396,-1.8093061897415408,-0.6717234671214484,-0.47165210295035687,1.4121458095524435,-0.07710989466699089,0.20948222805763875,-0.03688080118661987,-0.034155386356562144
4.456260718206019,-2.487970503831807,-1.1524990418710748,-0.07247019244759692,1.0243801053425938,-0.007177462423735004,0.4648296617268745,0.010334821594669199,-0.009819632358157108
6.290782581929227,0.1702349045906582,-1.3786366379387978,-1.1348050815718598,1.680942193708484,0.15187473626567727,-0.31024984637352754,-0.26296771876402514,-0.011702018059885381
4.336241710850224,-2.809329277397535,-0.6861444144204984,-0.5194342233846141,1.6684410277075616,0.009340008732177949,0.18871332349200245,0.04967545583655373,-0.012029809019073447
-1.8172236567715163,-0.28564255317784326,-0.5315242322385351,0.5701814784287565,0.3394666690538138,0.7707459956799328,-0.016997913689717405,-0.08028153205365009,0.021310267840115343
-1.1939522218377678,-0.6167463833309855,-0.8158734762947775,0.7344540263190601,0.40496680918933264,1.0111037913181413,-0.01677448276068528,-0.04985308501453989,-0.007118914211951587
-0.184710421367893,-0.6929147838449331,-0.8991089573445216,1.1470173801699068,0.10222281640824872,1.2929258974280144,0.26097102393561644,0.0757214432954412,0.029012569182774835
-1.4288705886722424,-0.5253938762830368,-0.11635914038540908,0.08347287874278632,0.5206924343372078,0.7194197860809952,0.08893581627759985,-0.06794087957977187,-0.061209521035119875
-0.6458962075223416,-0.9035443210556747,-0.3097576229722698,0.3229931552037459,0.4875330134805779,0.8716448654787172,0.03535013465170306,-0.06613198782102411,0.009510851480981674
0.7291230220106902,-1.2049477054468114,-0.5648154694630239,0.7498533795573685,0.1399206397709852,1.2127416240238507,0.3118525192425775,0.06302916102722589,0.04749527831419171
-1.7323729894397142,-0.36512671269717156,-0.5741612285166849,0.3748860271688955,0.19371430132469403,0.5393365862601706,-0.017141074439152477,-0.11243989504995967,-0.01934420366730786
-0.8649554674262291,-0.840882351349175,-0.951630235888572,0.5294515802385469,0.22382848625574364,0.7818341528505393,-0.043669406783480975,-0.021530072174620694,0.02522300136840314
0.3652973302538648,-1.059470557189677,-1.1483245596493554,0.9305301849777867,-0.12303047619487803,1.0804875721511722,0.2444551565468327,0.07660406081030582,0.025850774457436065
-0.571311024083544,-0.4723930597330039,-0.1587185970801851,0.1913354337932973,1.1374768825555954,0.27552147925324216,0.10556197457636549,-0.11501070550649456,-0.014610160417052792
0.9061158739786221,-1.0919772487988493,-0.023332205637760808,0.11196837093231594,1.6004022867880068,0.4671736922368578,0.1785379261593273,-0.0797865392161507,-0.06141127718644673
2.5969453737051738,-1.2696961289661255,-0.30722230243078597,0.4987274202119084,1.678522872165385,0.5116560039543099,0.5174107485058249,-0.010701486011146255,-0.0038255368002214126
-0.8243054483278954,-0.9282669178261999,-0.9583714088532397,0.03389597111387977,-0.11241729369361537,0.16693899359505293,-0.061133116536030825,-0.06056967656303569,0.011644788605750423
0.19406299481298858,0.723468375533518,-1.040176606984215,-0.4895619381047369,-0.009391443280730613,0.3490760206537758,-0.0855747663258454,-0.004365378554075374,0.015939028591862265
-0.810297736417232,-1.0060946697143403,-0.39274316167531614,-0.2840716577805782,0.09211798129446412,0.3590019526884392,0.014642296294962519,0.023231326279322364,-0.02634603824615387
0.2503075094492055,-1.537874018045233,-1.3082883469238966,0.14805814454878832,-0.3272571320369906,0.22515852355016808,-0.12056415742055876,-0.07778886387028175,0.01122353468489461
1.457442993412456,0.15994985619299973,-1.4137698534723337,-0.4022919329392071,-0.01984534696570503,0.24432235711603972,-0.12814275097590067,-0.02106167258567525,0.009251805589165652
0.22357251308345896,-1.637047841811614,-0.8518835089850049,-0.31829107083206043,-0.07841400232142322,0.4022768972558198,-0.03991245104081401,0.13701028074889784,-0.018217761725067373
1.836115916279185,-1.9864120967656353,-1.6562287753962603,0.4163072637420868,-0.8125395576470096,0.38277502598719987,0.13741551730506332,0.06607469895579876,0.012023651224709817
3.6298558373492233,0.668054525918028,-1.8672996428408042,-0.6367784885713311,-0.1905054091433991,0.5741670498590064,-0.6504952813566508,-0.18406357914875965,0.047327393028713194
1.634843982885756,-2.314897125746676,-1.1672818813243346,-0.010043647835032353,-0.24020739835990382,0.4627492242462009,-0.1660394840964535,0.15336640212425068,0.01471695151843526
-0.6728976448175595,-0.955082683639996,-0.887420161711786,0.2692876279566155,-0.11135892872051434,0.2833807374588883,-0.0944739150120942,-0.11387573561717085,0.00911967257464906
0.47360358888763304,0.7275998592072154,-1.11106747969027,-0.3939136382752797,0.26275275675072485,0.3515966422346063,-0.06169689850240818,-0.0006971734975923817,0.01310690031117438
-0.654245864557167,-1.075235056008786,-0.4546226059171907,-0.1357913533748152,0.17136333368158038,0.543246018701381,-0.010314802837867267,0.10249606489242703,-0.01860470343473647
0.8096915814596441,-1.4020680789629956,-1.3506651627330635,0.4295808391237961,-0.5244889746013777,0.5126725139349273,0.2375869833975915,0.011106099156822879,0.012429712136742526
